slug,name,page_path,mls_subdivisions,review,sales_total,sales_by_year,variants_added
deer-crest,Deer Crest,/deer-crest.php,deer crest,,290,6/101/103/80,0
lakeview-168,Lakeview 168,/lakeview-168.php,lakeview 168 | lakeview 168 replat 1,,230,34/54/66/76,1
somerset,Somerset,/somerset.php,somerset | somerset 2 | somerset lot 220 block 0 irreg | somerset lot 55 block 0 56x120,,226,103/58/24/41,3
woodbrook,Woodbrook,/woodbrook.php,woodbrook,,223,42/47/74/60,0
harrison-210,Harrison 210,/harrison-210.php,harrison 210,,202,47/54/59/42,0
benson,Benson,/benson.php,benson | benson lot | benson lot w 50 e 450 s 300 ft 50 x 300 | benson replat 9,,198,60/47/42/49,3
sumtur-crossing,Sumtur Crossing,/sumtur-crossing.php,sumtur crossing | sumtur crossing replat 2,,197,45/56/43/53,1
bellevue,Bellevue,/bellevue.php,bellevue | bellevue block,"City/area page: MLS plat of the same name is only the original town, not the whole city",191,39/38/55/59,1
pioneer-view,Pioneer View,/pioneer-view.php,pioneer view,,181,45/43/48/45,0
la-vista,La Vista,/la-vista.php,la vista | la vista replat | la vista replat ii,"City/area page: MLS plat of the same name is only the original town, not the whole city",180,39/40/51/50,2
hillsborough,Hillsborough,/hillsborough.php,hillsborough | hillsborough lot | hillsborough rep 24* | hillsborough replat iii,,174,52/45/27/50,3
remington-west,Remington West,/remington-west.php,remington west,,173,26/56/54/37,0
maple-village,Maple Village,/maple-village.php,maple village | maple village replat | maple village replat ii | maple village replat nine,,172,41/47/36/48,3
highland-hills,Highland Hills,/highland-hills.php,highland hills | highland hills lot 37 block 0 lt 37,,168,81/28/35/24,1
hills-of-aspen-creek,Hills Of Aspen Creek,/hills-of-aspen-creek.php,hills of aspen creek | hills of aspen creek replat 1,,167,50/46/42/29,1
blue-sage-creek,Blue Sage Creek,/blue-sage-creek.php,blue sage creek | blue sage creek 2 | blue sage creek 3 | blue sage creek ii | blue sage creek phase 2,,162,34/47/42/39,4
arbor-gate,Arbor Gate,/arbor-gate.php,arbor gate,,159,46/43/26/44,0
westbury-creek,Westbury Creek,/westbury-creek.php,westbury creek,,151,51/29/32/39,0
westgate,Westgate,/westgate.php,westgate | westgate add | westgate add lot 894 block 0 irreg | westgate add. 2 | westgate addition,,150,47/33/31/39,4
harvest-hills,Harvest HIlls,/harvest-hills.php,harvest hills,,148,30/48/43/27,0
willow-wood,Willow Wood,/willow-wood.php,willow wood | willow wood lot 381 block 0 80 x 80 | willow wood lot 460 block 0 irreg | willow wood subdivision,,148,40/32/36/40,3
lions-gate,Lions Gate,/lions-gate.php,lions gate,,146,44/44/46/12,0
granite-falls-north,GRANITE FALLS NORTh,/granite-falls-north.php,granite falls north,,144,26/39/30/49,0
indian-pointe,Indian Pointe,/indian-pointe.php,indian pointe,,143,58/27/41/17,0
halcyon-heights,Halcyon Heights,/halcyon-heights.php,halcyon heights,,143,45/35/29/34,0
stone-ridge,Stone Ridge,/stone-ridge.php,stone ridge | stone ridge rep 2 | stone ridge rep 5 | stone ridge rep 5 lot 103 block 0 55.50/115,,141,44/28/38/31,3
southern-pointe,Southern Pointe,/southern-pointe.php,southern pointe,,141,50/49/31/11,0
newport-vista,NewPort Vista,/newport-vista.php,newport vista | newport vista ii,,139,36/36/31/36,1
millard-highlands-south,Millard Highlands South,/millard-highlands-south.php,millard highlands south | millard highlands south ii | millard highlands south ii replat | millard highlands south iii | millard highlands south replat | millard highlands south replat ii | millard highlands south replat iv,,135,39/33/30/33,6
vistancia,Vistancia,/vistancia.php,vistancia,,131,61/43/13/14,0
overland-hills,Overland Hills,/overland-hills.php,overland hills | overland hills ii | overland hills iii | overland hills iv | overland hills v | overland hills vi,,130,44/23/32/31,5
granite-lake,Granite Lake,/granite-lake.php,granite lake | granite lake 2,,129,60/27/20/22,1
wood-valley,Wood Valley,/wood-valley.php,wood valley | wood valley rep 1 | wood valley rep 2 | wood valley rep 2 lot 51 block 0 irreg | wood valley replat 2 | wood valley replat 4 | wood valley replat 5,,128,40/25/21/42,6
westbury-farm,Westbury Farm,/westbury-farm.php,westbury farm,,124,50/35/27/12,0
rambleridge,RambleRidge,/rambleridge.php,rambleridge | rambleridge rep 111 | rambleridge replat | rambleridge replat v,,124,43/30/26/25,3
millard-highlands,Millard Highlands,/millard-highlands.php,millard highlands | millard highlands ii | millard highlands replat | millard highlands replat ii | millard highlands replat iii | millard highlands replat iv,,123,40/26/31/26,5
clearwater-falls,Clearwater Falls,/clearwater-falls.php,clearwater falls,,123,44/21/36/22,0
harrison-park,Harrison Park,/harrison-park.php,harrison park | harrison park rep 2 | harrison park replat | harrison park replat one,,122,38/25/28/31,3
glenmoor,Glenmoor,/glenmoor.php,"glenmoor | glenmoor lot 438 block 0, douglas co., ne",,122,40/28/33/21,1
leawood-oaks,LEAWOOD Oaks,/leawood-oaks.php,leawood oaks | leawood oaks 3 | leawood oaks ii | leawood oaks iii,,121,23/34/32/32,3
lakewood-villages,Lakewood Villages,/lakewood-villages.php,lakewood villages,,120,41/26/29/24,0
springhill,SpringHill,/springhill.php,springhill,,119,29/32/21/37,0
harvey-oaks,Harvey Oaks,/harvey-oaks.php,harvey oaks | harvey oaks iii | harvey oaks replat,,119,31/27/27/34,2
ashbury-creek,Ashbury Creek,/ashbury-creek.php,ashbury creek | ashbury creek 2 | ashbury creek 2 approx. 1 mile south of hwy 370 on 114th st. | ashbury creek phase 2,,117,30/32/39/16,3
shadow-lake,Shadow Lake,/shadow-lake.php,shadow lake | shadow lake 2 northwest corner of 72nd st and capehart rd.,,116,32/23/31/30,1
lakeview,Lakeview,/lakeview.php,lakeview | lakeview 168 replat 1 | lakeview addition | lakeview replat 1 | lakeview subdivision,,115,46/35/20/14,4
pepperwood,Pepperwood,/pepperwood.php,pepperwood | pepperwood lot 674 block 0 irreg | pepperwood lot 91 block 0,,114,26/22/29/37,2
hickory-ridge,Hickory Ridge,/hickory-ridge.php,hickory ridge,,114,28/26/29/31,0
westin-hills,Westin Hills,/westin-hills.php,westin hills | westin hills lot | westin hills rep forty eight* | westin hills replat fifty nine,,112,33/25/29/25,3
meadow-ridge,Meadow Ridge,/meadow-ridge.php,meadow ridge | meadow ridge rep 1 | meadow ridge rep 1*,,112,36/25/23/28,2
quail-run,Quail Run,/quail-run.php,quail run | quail run l 259 b 0 irreg,,110,37/22/19/32,1
coyote-run,Coyote Run,/coyote-run.php,coyote run,,110,49/13/18/30,0
belle-lago,Belle Lago,/belle-lago.php,belle lago,,109,36/22/20/31,0
hyda-hills-2,Hyda Hills 2,/hyda-hills-2.php,hyda hills 2,,108,23/31/27/27,0
whitetail-creek,WhiteTail Creek,/whitetail-creek.php,whitetail creek,,108,29/28/32/19,0
river-oaks,River Oaks,/river-oaks.php,river oaks | river oaks replat 3 | river oaks replat 6,,107,57/22/18/10,2
summit-ridge,Summit Ridge,/summit-ridge.php,summit ridge | summit ridge replat four | summit ridge replat one,,107,29/28/26/24,2
aspen-creek-north,Aspen Creek North,/aspen-creek-north.php,aspen creek north | aspen creek north 2 | aspen creek north phase 2 | aspen creek north phase ii,,106,9/34/30/33,3
cattail-creek,Cattail Creek,/cattail-creek.php,cattail creek | cattail creek iii | cattail creek rep 2 | cattail creek rep 2* | cattail creek rep 3* | cattail creek replat one,,105,32/22/22/29,5
the-grove,The Grove,/the-grove.php,the grove,,105,36/23/25/21,0
hyda-hills,Hyda Hills,/hyda-hills.php,hyda hills | hyda hills ii | hyda hills lot 42.,,102,22/20/32/28,2
ralston,Ralston,/ralston.php,ralston | ralston add | ralston add lot 5 block 33 17 ft strip & 1/2 vac alley adj & lts 3-4 & | ralston addition | ralston replat | ralston replat nine,"City/area page: MLS plat of the same name is only the original town, not the whole city",100,20/24/23/33,5
hickory-hill,Hickory Hill,/hickory-hill.php,hickory hill | hickory hill ii,,100,29/19/26/26,1
whitehawk,WhiteHawk,/whitehawk.php,whitehawk | whitehawk rep 1 | whitehawk rep 2 | whitehawk replat 1,,99,30/23/26/20,3
twin-ridge,Twin Ridge,/twin-ridge.php,twin ridge | twin ridge 2 | twin ridge ii | twin ridge ii condominium | twin ridge ii condominium property regime no. 1 | twin ridge iv | twin ridge v,,98,25/17/27/29,6
falling-waters,Falling Waters,/falling-waters.php,falling waters | falling waters ii | falling waters lot 286 block 0 | falling waters rep 1 | falling waters replat seven,,98,26/25/15/32,4
stone-creek,Stone Creek,/stone-creek.php,stone creek | stone creek rep 1 | stone creek replat 1,,94,25/25/20/24,2
pine-creek,Pine Creek,/pine-creek.php,pine creek,,93,37/17/19/20,0
belterra,Belterra,/belterra.php,belterra,,92,0/19/34/39,0
shadow-lake-2,Shadow Lake 2,/shadow-lake-2.php,shadow lake 2,,91,28/29/19/15,0
two-springs,Two Springs,/two-springs.php,two springs | two springs replat i | two springs replat ii | two springs replat iii,,91,23/21/22/25,3
sunset-meadows,Sunset Meadows,/sunset-meadows.php,sunset meadows,,90,0/0/35/55,0
waterford,Waterford,/waterford.php,waterford | waterford lot 5 block 0 irreg | waterford lot 64 block 0 | waterford lot 70 block 0 | waterford rep 3,,90,24/26/21/19,4
anchor-pointe,Anchor Pointe,/anchor-pointe.php,anchor pointe | anchor pointe lot 148 block 0 lot 148 | anchor pointe phase 2 | anchor pointe phase 3 | anchor pointe replat 1,,90,37/27/17/9,4
brookhaven,Brookhaven,/brookhaven.php,brookhaven | brookhaven lot 32 block 0 | brookhaven replat ii,,90,21/22/25/22,2
sunridge,SunRidge,/sunridge.php,sunridge | sunridge replat one,,87,25/23/18/21,1
chestnut-hills,Chestnut Hills,/chestnut-hills.php,chestnut hills,,87,30/28/16/13,0
ridgemoor,Ridgemoor,/ridgemoor.php,ridgemoor | ridgemoor replat 1 | ridgemoor replat two,,86,27/24/18/17,2
deerwood,Deerwood,/deerwood.php,deerwood,,85,24/28/21/12,0
arbor-view,Arbor View,/arbor-view.php,arbor view | arbor view 2,,84,22/16/20/26,1
millard-park,Millard Park,/millard-park.php,millard park | millard park replat 6,,84,22/22/17/23,1
woodhaven,Woodhaven,/woodhaven.php,woodhaven | woodhaven replat | woodhaven replat 3,,84,32/18/17/17,2
golden-hills,Golden Hills,/golden-hills.php,golden hills | golden hills ii | golden hills iv | golden hills replat i | golden hills v,,83,17/20/26/20,4
shadowbrook,Shadowbrook,/shadowbrook.php,shadowbrook | shadowbrook ii | shadowbrook replat | shadowbrook replat 2 | shadowbrook replat two,,82,35/21/11/15,4
kempten-creek,Kempten Creek,/kempten-creek.php,kempten creek | kempten creek lot 179 block 0 lot 179 | kempten creek replat 1,,81,0/5/37/39,2
florence,Florence,/florence.php,florence | florence add replat | florence addition | florence lot | florence lot 16 block 112 60 x 122,,81,22/30/16/13,4
eagle-ridge,Eagle Ridge,/eagle-ridge.php,eagle ridge | eagle ridge lot 325,,81,16/22/22/21,1
sagewood,Sagewood,/sagewood.php,sagewood | sagewood lot 350 block 0 irreg | sagewood lot 351 block 0 irreg | sagewood rep 1,,80,35/13/14/18,3
sunrise,Sunrise,/sunrise.php,sunrise | sunrise add | sunrise addition,,78,23/19/15/21,2
ashbury-hills,Ashbury Hills,/ashbury-hills.php,ashbury hills | ashbury hills replat one,,78,7/11/11/49,1
turnbridge,Turnbridge,/turnbridge.php,turnbridge | turnbridge addition | turnbridge rep one,,77,29/14/18/16,2
aspen-creek,Aspen Creek,/aspen-creek.php,aspen creek | aspen creek n,,77,31/18/13/15,1
mission-park,Mission Park,/mission-park.php,mission park,,76,18/19/20/19,0
parkview,Parkview,/parkview.php,parkview,,76,0/2/22/52,0
wycliffe,Wycliffe,/wycliffe.php,"wycliffe | wycliffe replat | wycliffe replat 129, block 0, dcn",,76,26/17/15/18,2
the-meadows,The Meadows,/the-meadows.php,the meadows | the meadows replat | the meadows replat ii | the meadows replat ix | the meadows replat v | the meadows replat vi | the meadows replat vii | the meadows replat viii,,76,19/19/21/17,7
west-bay-woods,West Bay Woods,/west-bay-woods.php,west bay woods | west bay woods 2 | west bay woods 2 rep 1 | west bay woods 2 rep 1* | west bay woods ii | west bay woods rep one,,75,26/18/15/16,5
trendwood,Trendwood,/trendwood.php,trendwood | trendwood 2,,75,14/22/15/24,1
cinnamon-creek,Cinnamon Creek,/cinnamon-creek.php,cinnamon creek,,74,24/20/9/21,0
mockingbird-hills,Mockingbird Hills,/mockingbird-hills.php,mockingbird hills | mockingbird hills lot 23 block 4 60 x 125,,73,21/20/13/19,1
candlewood,Candlewood,/candlewood.php,candlewood | candlewood ii | candlewood ii rep 2,,73,21/17/16/19,2
bluestem-meadows,BlueStem Meadows,/bluestem-meadows.php,bluestem meadows | bluestem meadows lot 96 block 0 lot 96 | bluestem meadows lot 97 block 0 lot 97,,73,8/27/24/14,2
prairie-pointe,Prairie Pointe,/prairie-pointe.php,prairie pointe | prairie pointe lot 256 block 0 irreg | prairie pointe lot 359 blk 0 irreg,,72,19/17/21/15,2
spring-ridge,Spring Ridge,/spring-ridge.php,spring ridge | spring ridge rep 1 | spring ridge rep i | spring ridge replat 3 | spring ridge replat one,,72,22/20/15/15,4
diamond-head,Diamond Head,/diamond-head.php,diamond head,,72,15/13/17/27,0
carriage-hill,Carriage Hill,/carriage-hill.php,carriage hill,,72,25/18/14/15,0
the-ridges,The Ridges,/the-ridges.php,the ridges | the ridges rep ii,,71,18/15/19/19,1
pacific-heights,Pacific Heights,/pacific-heights.php,pacific heights | pacific heights replat | pacific heights replat iii | pacific heights replat iv,,71,23/14/11/23,3
oakhurst,OakHurst,/oakhurst.php,oakhurst | oakhurst replat three,,71,31/12/12/16,1
elk-creek-crossing,Elk Creek Crossing,/elk-creek-crossing.php,elk creek crossing,,71,18/16/19/18,0
piedmont,Piedmont,/piedmont.php,piedmont | piedmont replat,,69,18/15/17/19,1
bridgeport,Bridgeport,/bridgeport.php,bridgeport,,69,12/22/20/15,0
majestic-pointe-ii,Majestic Pointe II,/majestic-pointe-ii.php,majestic pointe ii,,69,0/0/26/43,0
lake-cunningham-village,Lake Cunningham Village,/lake-cunningham-village.php,lake cunningham village,,68,3/32/26/7,0
ponderosa,Ponderosa,/ponderosa.php,ponderosa,,66,23/16/14/13,0
pacific-meadows,Pacific Meadows,/pacific-meadows.php,pacific meadows,,66,21/15/12/18,0
huntington-park,Huntington Park,/huntington-park.php,huntington park | huntington park replat 2,,65,21/17/12/15,1
applewood-heights,Applewood Heights,/applewood-heights.php,applewood heights,,65,16/16/20/13,0
chapel-hill,CHAPEL Hill,/chapel-hill.php,chapel hill,,65,22/12/15/16,0
tara-heights,Tara Heights,/tara-heights.php,tara heights,,65,11/23/15/16,0
lincoln-place,Lincoln Place,/lincoln-place.php,lincoln place,,65,14/16/21/14,0
poppleton-park,Poppleton Park,/poppleton-park.php,poppleton park | poppleton park lot 20 block 15 e 40 ft lt 40 x 128,,64,22/11/9/22,1
bellbrook,Bellbrook,/bellbrook.php,bellbrook,,64,15/15/13/21,0
summer-hill-farm,Summer Hill Farm,/summer-hill-farm.php,summer hill farm,,64,18/23/9/14,0
founders-ridge,Founders Ridge,/founders-ridge.php,founders ridge,,64,14/14/19/17,0
quail-creek,Quail Creek,/quail-creek.php,quail creek,,64,23/13/13/15,0
overlook,Overlook,/overlook.php,overlook | overlook add | overlook addition | overlook addn,,64,17/12/19/16,3
palisades,Palisades,/palisades.php,palisades,,64,22/16/13/13,0
oak-heights,Oak Heights,/oak-heights.php,oak heights | oak heights add | oak heights addition,,64,17/19/11/17,2
meridian-park,Meridian Park,/meridian-park.php,meridian park | meridian park replat | meridian park replat three | meridian park replat two,,63,19/20/14/10,3
morton-meadows,Morton Meadows,/morton-meadows.php,morton meadows,,63,10/21/16/16,0
cimarron-woods,Cimarron Woods,/cimarron-woods.php,cimarron woods,,63,16/15/17/15,0
falcon-forest,Falcon Forest,/falcon-forest.php,falcon forest,,63,20/11/19/13,0
happy-hollow,Happy Hollow,/happy-hollow.php,happy hollow | happy hollow add | happy hollow addition,,62,20/11/15/16,2
saddlebrook,Saddlebrook,/saddlebrook.php,saddlebrook,,62,13/11/21/17,0
deer-creek,Deer Creek,/deer-creek.php,deer creek | deer creek rep 7,,62,18/11/25/8,1
eagle-hills,Eagle Hills,/eagle-hills.php,eagle hills,,61,19/15/14/13,0
arbor-ridge,Arbor Ridge,/arbor-ridge.php,arbor ridge | arbor ridge 2 | arbor ridge ii | arbor ridge lot 5 block 0,,61,16/14/19/12,3
enclave-flats,Enclave Flats,/enclave-flats.php,enclave flats,,61,0/2/22/37,0
springfield-pines,Springfield Pines,/springfield-pines.php,springfield pines | springfield pines replat | springfield pines replat 1,,60,24/17/11/8,2
anchor-view,Anchor View,/anchor-view.php,anchor view | anchor view replat 1,,59,0/25/16/18,1
armbrust-acres,Armbrust Acres,/armbrust-acres.php,armbrust acres,,59,14/16/13/16,0
pheasant-run,Pheasant Run,/pheasant-run.php,pheasant run | pheasant run rep ii | pheasant run replat 111 | pheasant run replat ii | pheasant run replat ii lot 88 block 0 58.33 x 112.50,,59,18/16/13/12,4
oakbrook-meadows,Oakbrook Meadows,/oakbrook-meadows.php,oakbrook meadows | oakbrook meadows lot 232 block 0 irreg,,59,20/17/8/14,1
bluewater,Bluewater,/bluewater.php,bluewater,,59,13/15/18/13,0
stratford-park,Stratford Park,/stratford-park.php,stratford park | stratford park lot 390 block 0 irreg,,58,25/12/11/10,1
garden-oaks,Garden Oaks,/garden-oaks.php,garden oaks,,58,20/9/17/12,0
seven-pines,Seven Pines,/seven-pines.php,seven pines,,58,16/11/14/17,0
tiburon,Tiburon,/tiburon.php,tiburon,,58,14/14/21/9,0
majestic-pointe,Majestic Pointe,/majestic-pointe.php,majestic pointe,,58,19/13/16/10,0
fairview-south,Fairview South,/fairview-south.php,"fairview south | fairview south 2 | fairview south 2, sarpy county, ne | fairview south ii | fairview south ii toa | fairview south replat 1",,58,20/14/13/11,5
autumn-grove,Autumn Grove,/autumn-grove.php,autumn grove | autumn grove rep one,,57,10/9/19/19,1
windsor-west,Windsor West,/windsor-west.php,windsor west,,57,0/1/21/35,0
the-prairies,The Prairies,/the-prairies.php,the prairies | the prairies replat 4,,57,13/16/14/14,1
sagewood-valley,Sagewood Valley,/sagewood-valley.php,sagewood valley,,56,16/27/4/9,0
summer-glen,Summer Glen,/summer-glen.php,summer glen | summer glen rep one,,56,23/14/8/11,1
sugar-creek,Sugar Creek,/sugar-creek.php,sugar creek | sugar creek addition | sugar creek replat 2,,56,21/8/13/14,2
summerwood,Summerwood,/summerwood.php,summerwood,,56,17/14/13/12,0
stockmans-hollow,Stockmans Hollow,/stockmans-hollow.php,stockmans hollow | stockmans hollow replat five | stockmans hollow replat one | stockmans hollow replat three,,56,15/15/15/11,3
raven-oaks,Raven Oaks,/raven-oaks.php,raven oaks,,55,22/15/11/7,0
winchester-heights,Winchester Heights,/winchester-heights.php,winchester heights,,55,17/13/10/15,0
pebblebrooke,PebbleBrooke,/pebblebrooke.php,pebblebrooke | pebblebrooke 2 | pebblebrooke replat 1,,55,15/17/11/12,2
roxbury,Roxbury,/roxbury.php,roxbury | roxbury add | roxbury addition,,55,7/7/24/17,2
cherry-hills,Cherry Hills,/cherry-hills.php,cherry hills,,55,21/14/8/12,0
sunny-slope,Sunny Slope,/sunny-slope.php,sunny slope,,55,21/16/9/9,0
rose-hill,Rose Hill,/rose-hill.php,rose hill,,55,14/13/16/12,0
sun-valley,Sun Valley,/sun-valley.php,sun valley,,55,16/15/13/11,0
mockingbird-hills-west,Mockingbird  Hills  West,/mockingbird-hills-west.php,mockingbird hills west,,55,17/12/15/11,0
rows-at-coventry,Rows at Coventry,/rows-at-coventry.php,rows at coventry,,55,6/33/16/0,0
walnut-grove,Walnut Grove,/walnut-grove.php,walnut grove,,54,16/5/19/14,0
windsor-east,Windsor East,/windsor-east.php,windsor east,,54,2/14/22/16,0
regency,Regency,/regency.php,regency,,54,15/12/10/17,0
castle-creek,Castle Creek,/castle-creek.php,castle creek,,54,18/13/14/9,0
the-oaks,The  Oaks,/the-oaks.php,the oaks | the oaks replat 2nd,,54,14/14/15/11,1
coventry-ridge,Coventry Ridge,/coventry-ridge.php,coventry ridge | coventry ridge replat,,54,11/14/14/15,1
nelsons-creek,Nelsons Creek,/nelsons-creek.php,nelsons creek | nelsons creek lot 39 block 0 irreg | nelsons creek replat,,53,18/12/12/11,2
grandview-ridge-estates,Grandview Ridge Estates,/grandview-ridge-estates.php,grandview ridge estates | grandview ridge estates rep 1,,53,22/9/15/7,1
park-hills,Park Hills,/park-hills.php,park hills | park hills add | park hills addition | park hills addition second platting | park hills iii,,53,22/12/8/11,4
leawood-west,Leawood West,/leawood-west.php,leawood west | leawood west lot 10 block 7 85 x 125 | leawood west lot 4 block 6 dcn,,51,14/11/14/12,2
eagle-view,Eagle View,/eagle-view.php,eagle view,,51,19/12/6/14,0
liberty,Liberty,/liberty.php,liberty,,51,13/11/9/18,0
green-meadows,Green Meadows,/green-meadows.php,green meadows | green meadows rep 10,,51,20/6/12/13,1
willow-springs,Willow Springs,/willow-springs.php,willow springs,,50,17/10/12/11,0
bennington-lake,Bennington Lake,/bennington-lake.php,bennington lake | bennington lake replat 5 | bennington lake replat 6,,50,13/14/11/12,2
turtle-creek,Turtle Creek,/turtle-creek.php,turtle creek,,50,11/7/14/18,0
pacific-woods,Pacific Woods,/pacific-woods.php,pacific woods | pacific woods replat 1,,50,18/10/8/14,1
mission-ridge,Mission Ridge,/mission-ridge.php,mission ridge,,50,15/14/12/9,0
parkside,Parkside,/parkside.php,parkside,,50,17/12/14/7,0
bridlewood,Bridlewood,/bridlewood.php,bridlewood,,50,18/9/11/12,0
elkhorn-highland-ridge,Elkhorn Highland Ridge,/elkhorn-highland-ridge.php,elkhorn highland ridge | elkhorn highland ridge lot 160 block 73x130,,50,14/12/11/13,1
deer-ridge,Deer Ridge,/deer-ridge.php,deer ridge,,50,7/12/15/16,0
walnut-creek-hills,Walnut Creek Hills,/walnut-creek-hills.php,walnut creek hills | walnut creek hills replat eighteen | walnut creek hills replat six | walnut creek hills replat three,,50,14/12/12/12,3
edgewood,Edgewood,/edgewood.php,edgewood | edgewood add | edgewood addition,,49,12/8/11/18,2
pier-15,Pier 15,/pier-15.php,pier 15 | pier 15 replat 1 | pier 15 replat 1 lot 2 block 0 lot 2 8068 sq ft | pier 15 replat 1 lot 5 block 0 lot 5 7717 sq ft,,48,14/17/8/9,3
chalco-pointe,Chalco Pointe,/chalco-pointe.php,chalco pointe,,48,18/9/7/14,0
lincoln-way,Lincoln Way,/lincoln-way.php,lincoln way,,48,17/14/9/8,0
kingsbury-hills,Kingsbury Hills,/kingsbury-hills.php,kingsbury hills | kingsbury hills replat one,,48,18/8/12/10,1
glenwood-hills,Glenwood Hills,/glenwood-hills.php,glenwood hills | glenwood hills replat ii,,47,14/3/12/18,1
fire-ridge-estates,Fire Ridge Estates,/fire-ridge-estates.php,fire ridge estates,,47,15/7/15/10,0
center-park,Center Park,/center-park.php,center park | center park replat,,47,12/8/16/11,1
bent-creek,Bent Creek,/bent-creek.php,bent creek,,47,12/10/18/7,0
arbor-oaks,Arbor Oaks,/arbor-oaks.php,arbor oaks | arbor oaks lot 151 block 0 irreg | arbor oaks replat one,,47,10/12/9/16,2
tiburon-ridge-north,Tiburon Ridge North,/tiburon-ridge-north.php,tiburon ridge north,,46,0/20/20/6,0
cloverdale,Cloverdale,/cloverdale.php,cloverdale | cloverdale lot | cloverdale lot 16 block 12,,46,14/9/8/15,2
montclair,Montclair,/montclair.php,montclair | montclair add | montclair addition,,46,13/14/10/9,2
windgate-ranch,Windgate Ranch,/windgate-ranch.php,windgate ranch | windgate ranch 2 | windgate ranch ii,,46,13/7/13/13,2
west-side,West Side,/west-side.php,west side | west side add | west side add lot 12 block 11 | west side addition,,45,12/10/7/16,3
mapleview,MapleView,/mapleview.php,mapleview | mapleview add | mapleview addition,,45,13/17/6/9,2
prairie-lane,Prairie Lane,/prairie-lane.php,prairie lane,,45,11/8/10/16,0
hawthorne,Hawthorne,/hawthorne.php,hawthorne | hawthorne add | hawthorne add lot 12 block 1 all lots 11 & 12 blk 1 irreg | hawthorne add. | hawthorne subdivision | hawthorne subdivision lot 214 block 0 irreg,,44,13/6/14/11,5
the-townhomes-of-village-pointe,The Townhomes of Village Pointe,/the-townhomes-of-village-pointe.php,the townhomes of village pointe,,44,29/8/4/3,0
walnut-ridge,Walnut Ridge,/walnut-ridge.php,walnut ridge,,44,13/12/9/10,0
tranquility-view,Tranquility View,/tranquility-view.php,tranquility view,,44,13/11/9/11,0
pacific-springs,Pacific Springs,/pacific-springs.php,pacific springs | pacific springs rep 7,,44,15/11/8/10,1
briar-hills,Briar Hills,/briar-hills.php,briar hills,,44,12/11/13/8,0
southridge,SouthRidge,/southridge.php,southridge,,43,10/11/11/11,0
westmont,Westmont,/westmont.php,westmont | westmont replat iii,,43,9/15/8/11,1
privada,Privada,/privada.php,privada,,43,6/9/13/15,0
park-west,Park West,/park-west.php,park west,,43,13/14/7/9,0
stone-park,Stone Park,/stone-park.php,stone park,,43,9/8/7/19,0
fountain-hills,Fountain Hills,/fountain-hills.php,fountain hills | fountain hills lot 90 block 0 irreg,,42,15/7/8/12,1
bay-meadows,Bay Meadows,/bay-meadows.php,bay meadows | bay meadows add | bay meadows addition,,42,13/10/10/9,2
caldwell-acres,Caldwell Acres,/caldwell-acres.php,caldwell acres | caldwell acres lot 10 block 6,,42,11/12/9/10,1
stonegate,StoneGate,/stonegate.php,stonegate,,42,16/6/10/10,0
lookingglass-heights,Lookingglass Heights,/lookingglass-heights.php,lookingglass heights | lookingglass heights ii,,41,14/7/9/11,1
fontenelle-hills,Fontenelle Hills,/fontenelle-hills.php,fontenelle hills | fontenelle hills ii | fontenelle hills iii | fontenelle hills iv | fontenelle hills replat iii,,41,9/11/11/10,4
plum-creek,Plum Creek,/plum-creek.php,plum creek,,41,11/15/7/8,0
lakeview-heights,Lakeview Heights,/lakeview-heights.php,lakeview heights,,41,11/16/12/2,0
willow-park,Willow Park,/willow-park.php,willow park,,41,13/11/7/10,0
the-knolls,The Knolls,/the-knolls.php,the knolls,,41,18/10/7/6,0
five-fountains,Five Fountains,/five-fountains.php,five fountains,,40,13/10/7/10,0
whispering-ridge,Whispering Ridge,/whispering-ridge.php,whispering ridge,,40,9/14/8/9,0
keystone,Keystone,/keystone.php,keystone,,40,7/13/9/11,0
ardmore,Ardmore,/ardmore.php,ardmore | ardmore replat,,40,8/9/10/13,1
covington,Covington,/covington.php,covington | covington 2 | covington ii,,39,12/8/10/9,2
copperfields,Copperfields,/copperfields.php,copperfields | copperfields rep 1,,39,7/13/6/13,1
the-villas-of-piney-creek,The Villas Of Piney Creek,/the-villas-of-piney-creek.php,the villas of piney creek,,39,3/7/18/11,0
fairacres,Fairacres,/fairacres.php,fairacres | fairacres add | fairacres addition,,39,13/9/9/8,2
indian-creek,Indian Creek,/indian-creek.php,indian creek,,38,8/7/16/7,0
elk-valley,Elk Valley,/elk-valley.php,elk valley,,38,11/9/13/5,0
brook-park,Brook Park,/brook-park.php,brook park,,38,13/9/10/6,0
rockbrook,Rockbrook,/rockbrook.php,rockbrook,,38,13/6/7/12,0
cedar-hills,Cedar Hills,/cedar-hills.php,cedar hills | cedar hills add,,38,9/8/8/13,1
falcon-ridge,Falcon Ridge,/falcon-ridge.php,falcon ridge | falcon ridge rep 1 lot 13 block 0 77 x 163,,37,11/12/10/4,1
millard-heights,Millard Heights,/millard-heights.php,millard heights | millard heights add | millard heights addition | millard heights replat | millard heights replat iv | millard heights replat lii,,37,13/7/9/8,5
tregaron,Tregaron,/tregaron.php,tregaron,,37,9/17/7/4,0
normandy-hills,Normandy Hills,/normandy-hills.php,normandy hills,,37,11/6/8/12,0
rockbrook-heights,Rockbrook Heights,/rockbrook-heights.php,rockbrook heights,,36,11/10/6/9,0
rose-garden-estates,Rose Garden Estates,/rose-garden-estates.php,rose garden estates,,36,12/8/10/6,0
val-verde,Val Verde,/val-verde.php,val verde,,36,10/4/13/9,0
linden-estates,Linden Estates,/linden-estates.php,linden estates,,36,6/10/10/10,0
northridge-estates,Northridge Estates,/northridge-estates.php,northridge estates | northridge estates replat two,,35,4/13/8/10,1
windridge,Windridge,/windridge.php,windridge,,35,7/9/8/11,0
dillons-fairacres,Dillons Fairacres,/dillons-fairacres.php,dillons fairacres | dillons fairacres add | dillons fairacres add lot 16 block 5 irreg,,35,11/5/10/9,2
highland-park,Highland Park,/highland-park.php,highland park,,35,11/8/7/9,0
barrington-park,Barrington Park,/barrington-park.php,barrington park,,34,12/11/7/4,0
bennington-park,Bennington Park,/bennington-park.php,bennington park,,34,11/8/5/10,0
englewood,Englewood,/englewood.php,englewood | englewood add | englewood addition,,34,8/9/8/9,2
creighton-park,Creighton Park,/creighton-park.php,creighton park,,34,10/9/8/7,0
shadow-view,Shadow View,/shadow-view.php,shadow view | shadow view 2,,34,13/2/9/10,1
prairie-hills,Prairie Hills,/prairie-hills.php,prairie hills | prairie hills add | prairie hills replat two,,33,11/10/6/6,2
brookhaven-west,BrookHaven West,/brookhaven-west.php,brookhaven west | brookhaven west rep one* | brookhaven west rep two | brookhaven west replat twelve,,33,10/6/8/9,3
hunters-crossing,Hunters Crossing,/hunters-crossing.php,hunters crossing,,33,11/3/10/9,0
the-colonies,The Colonies,/the-colonies.php,the colonies | the colonies replat ii | the colonies replat iv | the colonies replat vi,,32,5/9/8/10,3
bennington-park-west,Bennington Park West,/bennington-park-west.php,bennington park west,,32,15/5/6/6,0
west-shores,West Shores,/west-shores.php,west shores,,32,6/13/6/7,0
falcon-pointe,Falcon Pointe,/falcon-pointe.php,falcon pointe,,32,10/6/7/9,0
ashbury-farm,Ashbury Farm,/ashbury-farm.php,ashbury farm,,31,6/9/9/7,0
the-hill,The Hill,/the-hill.php,the hill,,31,0/0/0/31,0
deer-creek-reserve,Deer Creek Reserve,/deer-creek-reserve.php,deer creek reserve,,31,8/11/8/4,0
manchester-ridge,Manchester Ridge,/manchester-ridge.php,manchester ridge,,31,10/10/8/3,0
banyan-hills,Banyan Hills,/banyan-hills.php,banyan hills,,31,12/5/8/6,0
copper-ridge,Copper Ridge,/copper-ridge.php,copper ridge,,31,8/9/8/6,0
emerald-oaks,Emerald Oaks,/emerald-oaks.php,emerald oaks | emerald oaks replat,,31,12/9/4/6,1
loveland,Loveland,/loveland.php,loveland | loveland add | loveland addition,,30,9/8/8/5,2
shadow-glen,Shadow Glen,/shadow-glen.php,shadow glen,,30,10/6/6/8,0
hanover-falls,Hanover Falls,/hanover-falls.php,hanover falls,,30,6/8/7/9,0
woodbrook-west,Woodbrook West,/woodbrook-west.php,woodbrook west,,30,5/12/12/1,0
roanoke-estates,Roanoke Estates,/roanoke-estates.php,roanoke estates | roanoke estates replat 5,,30,11/10/4/5,1
southbrook,Southbrook,/southbrook.php,southbrook,,30,10/10/5/5,0
merrifield-village,Merrifield Village,/merrifield-village.php,merrifield village,,30,6/5/13/6,0
oakridge,Oakridge,/oakridge.php,oakridge,,29,11/8/8/2,0
westchester,Westchester,/westchester.php,westchester | westchester add | westchester addition,,29,8/6/8/7,2
seville,Seville,/seville.php,seville,,29,9/7/6/7,0
south-shore-heights,South Shore HEIGHTS,/south-shore-heights.php,south shore heights,,29,6/9/8/6,0
greenfields,Greenfields,/greenfields.php,greenfields,,29,7/7/6/9,0
millard-oaks,Millard Oaks,/millard-oaks.php,millard oaks,,29,10/5/8/6,0
vintage-oaks,Vintage Oaks,/vintage-oaks.php,vintage oaks,,29,9/8/6/6,0
escalante-hills,Escalante Hills,/escalante-hills.php,escalante hills | escalante hills replat | escalante hills replat ii,,28,6/7/9/6,2
maenner-meadows,Maenner Meadows,/maenner-meadows.php,maenner meadows,,28,6/3/11/8,0
crestwood,Crestwood,/crestwood.php,crestwood | crestwood add | crestwood addition,,28,9/9/8/2,2
sunset-hills,Sunset Hills,/sunset-hills.php,sunset hills | sunset hills lot 2 block 1 irreg,,28,6/9/3/10,1
flatwater-lake,Flatwater Lake,/flatwater-lake.php,flatwater lake,,28,0/4/8/16,0
standing-stone,Standing Stone,/standing-stone.php,standing stone,,27,7/5/6/9,0
dolls-rockbrook,Dolls Rockbrook,/dolls-rockbrook.php,dolls rockbrook | dolls rockbrook add,,27,8/4/9/6,1
andresen-meadows,Andresen Meadows,/andresen-meadows.php,andresen meadows,,27,7/7/6/7,0
farmington-woods,Farmington Woods,/farmington-woods.php,farmington woods | farmington woods replat,,27,7/8/8/4,1
val-vista,Val Vista,/val-vista.php,val vista,,27,9/4/7/7,0
evanston,Evanston,/evanston.php,evanston | evanston add | evanston addition,,27,6/6/7/8,2
western-hills,Western Hills,/western-hills.php,western hills,,27,4/7/8/8,0
cottonwood,Cottonwood,/cottonwood.php,cottonwood,,27,9/6/6/6,0
manchester-park,Manchester Park,/manchester-park.php,manchester park,,27,6/6/7/8,0
cedar-grove,Cedar Grove,/cedar-grove.php,cedar grove | cedar grove replat 1,,26,6/11/4/5,1
cedarwoods,Cedarwoods,/cedarwoods.php,cedarwoods,,26,7/5/6/8,0
settlers-creek,Settlers Creek,/settlers-creek.php,settlers creek,,26,9/9/6/2,0
mission-hills,Mission Hills,/mission-hills.php,mission hills,,26,9/5/6/6,0
leawood,Leawood,/leawood.php,leawood,,26,8/7/5/6,0
bemis-park,Bemis Park,/bemis-park.php,bemis park,,26,13/8/2/3,0
canterberry-crossing,Canterberry Crossing,/canterberry-crossing.php,canterberry crossing,,26,8/9/6/3,0
fairview,Fairview,/fairview.php,fairview,,25,11/5/4/5,0
fontenelle,Fontenelle,/fontenelle.php,fontenelle | fontenelle addition | fontenelle replat iv,,25,7/11/3/4,2
birchfield,Birchfield,/birchfield.php,birchfield | birchfield ii,,25,7/9/5/4,1
pacific-hollow,Pacific Hollow,/pacific-hollow.php,pacific hollow,,25,7/4/9/5,0
mission-heights,Mission Heights,/mission-heights.php,mission heights | mission heights addition | mission heights addition 'b' | mission heights addition a | mission heights addn b,,25,9/6/2/8,4
elk-ridge,Elk Ridge,/elk-ridge.php,elk ridge | elk ridge lot 5 block 0 irreg | elk ridge rep 2 | elk ridge replat 7,,25,7/7/6/5,3
quail-hollow,Quail Hollow,/quail-hollow.php,quail hollow,,24,5/6/8/5,0
stonecrest,Stonecrest,/stonecrest.php,stonecrest | stonecrest replat four,,24,9/3/7/5,1
avery-hills,Avery Hills,/avery-hills.php,avery hills,,24,4/4/5/11,0
west-loveland,West Loveland,/west-loveland.php,west loveland | west loveland add | west loveland add lot 1 block 8 102.74 x 140,,24,11/3/5/5,2
piney-creek,Piney Creek,/piney-creek.php,piney creek,,24,7/4/5/8,0
ridgewood,Ridgewood,/ridgewood.php,ridgewood | ridgewood replat 5,,24,6/6/7/5,1
heartland-hills,Heartland Hills,/heartland-hills.php,heartland hills,,24,11/3/4/6,0
leawood-southwest,Leawood Southwest,/leawood-southwest.php,leawood southwest,,24,7/9/3/5,0
shadow-glen-north,Shadow Glen North,/shadow-glen-north.php,shadow glen north,,24,4/4/8/8,0
the-heritage,The Heritage,/the-heritage.php,the heritage,,24,8/2/6/8,0
centennial,Centennial,/centennial.php,centennial,,23,9/3/3/8,0
cottonwood-creek,Cottonwood Creek,/cottonwood-creek.php,cottonwood creek | cottonwood creek replat one,,23,9/6/5/3,1
farnam-1600,Farnam 1600,/farnam-1600.php,farnam 1600,,23,11/7/2/3,0
hawaiian-village,Hawaiian Village,/hawaiian-village.php,hawaiian village,,23,3/5/8/7,0
ashford-hollow,Ashford Hollow,/ashford-hollow.php,ashford hollow,,23,6/6/6/5,0
dickinsons-landing,Dickinsons Landing,/dickinsons-landing.php,dickinsons landing,,23,7/2/3/11,0
chestnut-ridge,Chestnut Ridge,/chestnut-ridge.php,chestnut ridge | chestnut ridge replat,,23,4/5/8/6,1
western-oaks,Western Oaks,/western-oaks.php,western oaks,,23,9/6/4/4,0
bryn-mawr,Bryn Mawr,/bryn-mawr.php,bryn mawr,,23,6/7/6/4,0
meadow-lane-park,Meadow Lane Park,/meadow-lane-park.php,meadow lane park,,23,6/2/7/8,0
ranch-view-estates,Ranch View Estates,/ranch-view-estates.php,ranch view estates | ranch view estates 2 | ranch view estates iii | ranch view estates replat 3,,22,4/6/6/6,3
grandview,Grandview,/grandview.php,grandview | grandview add,,22,5/3/7/7,1
dahlman-rows,Dahlman Rows,/dahlman-rows.php,dahlman rows,,22,8/8/3/3,0
savanna-shores,Savanna Shores,/savanna-shores.php,savanna shores,,22,10/7/4/1,0
pilgrims-landing,Pilgrims Landing,/pilgrims-landing.php,pilgrims landing,,22,3/5/10/4,0
riverfront-place,Riverfront Place,/riverfront-place.php,riverfront place,,22,4/6/6/6,0
southern-oaks,Southern Oaks,/southern-oaks.php,southern oaks,,22,5/7/6/4,0
skylark-heights,Skylark Heights,/skylark-heights.php,skylark heights | skylark heights add,,22,7/4/6/5,1
springfield,Springfield,/springfield.php,springfield,"City/area page: MLS plat of the same name is only the original town, not the whole city",22,6/7/2/7,0
spruce-abbey,Spruce Abbey,/spruce-abbey.php,spruce abbey,,22,14/3/3/2,0
west-bay-springs,West Bay Springs,/west-bay-springs.php,west bay springs,,22,5/4/8/5,0
autumn-ridge,Autumn Ridge,/autumn-ridge.php,autumn ridge,,22,6/3/6/7,0
mayfair,Mayfair,/mayfair.php,mayfair | mayfair add-replat lot 10 block 0 irreg | mayfair addition | mayfair replat one,,21,7/6/1/7,3
parkwood,Parkwood,/parkwood.php,parkwood,,21,5/5/6/5,0
grayhawk,GrayHawk,/grayhawk.php,grayhawk,,21,10/3/4/4,0
fairview-heights,Fairview Heights,/fairview-heights.php,fairview heights | fairview heights replat,,21,5/2/7/7,1
winterburn,Winterburn,/winterburn.php,winterburn,,21,4/4/6/7,0
torrey-pines,Torrey Pines,/torrey-pines.php,torrey pines | torrey pines rep 1,,21,7/5/4/5,1
silverleaf-estates,Silverleaf Estates,/silverleaf-estates.php,silverleaf estates,,21,2/2/9/8,0
west-fairacres,West Fairacres,/west-fairacres.php,west fairacres | west fairacres lot 4 block 2 irreg,,21,3/7/5/6,1
happy-hollow-hills,Happy Hollow Hills,/happy-hollow-hills.php,happy hollow hills,,21,5/7/7/2,0
titan-springs,Titan Springs,/titan-springs.php,titan springs,,21,6/4/2/9,0
oak-hills,Oak Hills,/oak-hills.php,oak hills,,21,9/2/4/6,0
georgetowne,Georgetowne,/georgetowne.php,georgetowne | georgetowne replat | georgetowne replat ii,,21,6/4/9/2,2
eagle-run,Eagle Run,/eagle-run.php,eagle run,,21,7/4/6/4,0
ponca-hills,Ponca Hills,/ponca-hills.php,ponca hills,,21,5/9/4/3,0
glenmorrie,Glenmorrie,/glenmorrie.php,glenmorrie,,21,5/5/8/3,0
gruenther-ridge,Gruenther Ridge,/gruenther-ridge.php,gruenther ridge,,20,0/0/2/18,0
woodbridge,Woodbridge,/woodbridge.php,woodbridge | woodbridge sub | woodbridge sub lot 54 block 0 irreg | woodbridge sub lot 98 block 0,,20,7/6/4/3,3
deer-creek-highlands,Deer Creek Highlands,/deer-creek-highlands.php,deer creek highlands,,20,5/4/4/7,0
underwood-hills,Underwood Hills,/underwood-hills.php,underwood hills,,20,10/5/2/3,0
mission-pines,Mission Pines,/mission-pines.php,mission pines | mission pines replat,,20,5/8/6/1,1
park-plaza-condos,Park Plaza Condos,/park-plaza-condos.php,park plaza condos,,20,5/9/1/5,0
bay-shores,Bay Shores,/bay-shores.php,bay shores,,20,9/2/7/2,0
eagle-crest,Eagle Crest,/eagle-crest.php,eagle crest,,20,9/6/2/3,0
whispering-timber-estates,Whispering Timber Estates,/whispering-timber-estates.php,whispering timber estates,,20,6/3/6/5,0
