page_path,candidates
/hanson-lake.php,hanscom place (34)
/lakewood-west.php,leawood west (49)
/pine-crest.php,pine creek (93) | piney creek (24)
/blair.php,bel air (17) | bellaire (10)
/ridge-view-estates.php,ranch view estates (19)
/rustic-ridge.php,tuscan ridge (12) | spruce ridge (15)
/skyline-wood.php,skyline woods (11)
/millard.php,millard highlands (111) | millard highlands south (88) | millard park (83)
/eldorado-homes-for-sale.php,eldorado (71)
/lakeview-estates.php,ranch view estates (19) | lakeview heights (41)
/millard-oakmont-homes-for-sale.php,millard oaks (29)
/shaker-heights.php,oak heights (56) | tara heights (65) | skylark heights (20)
/country-clubs.php,country club (76) | country club dist (10) | country club manor (35)
/crescent-park.php,crescent oaks (18) | center park (42)
/enclave.php,enclave flats (61)
/higland-estates.php,linden estates (36)
/memorial-park.php,meridian park (54)
/the-towns-at-little-italy.php,towns at little italy (12)
/riverfront-place-photos.php,riverfront place (22)
/cedar-creek.php,copper creek (13) | deer creek (61)
/ritz-lake.php,granite lake (117)
/riverfront.php,riverfront place (22) | riverfront place condominium (10)
/sandy-pointe.php,st andrews pointe (11)
/sold-andresen-meadows.php,andresen meadows (27)
/sold-avery-hills.php,avery hills (24)
/bridgeford-rockbrook.php,bridgefords rockbrook (20)
/blondo-ridges-/-spruce-ridge-homes-for-sale.php,spruce ridge (15)
/lincoln.php,lincoln way (48) | lincoln place (65) | lincoln ridge (27)
